{
  "project_info": {
    "project_number": "396473398171",
    "project_id": "login-3dba0",
    "storage_bucket": "login-3dba0.appspot.com"
  },
  "client": [
    {
      "client_info": {
        "mobilesdk_app_id": "1:396473398171:android:fc5b703ee2ce5c6b78273e",
        "android_client_info": {
          "package_name": "com.example.app_first"
        }
      },
      "oauth_client": [],
      "api_key": [
        {
          "current_key": "AIzaSyDFZBs09zwRPn3bkWYxzaOJvaO0U2js4Dk"
        }
      ],
      "services": {
        "appinvite_service": {
          "other_platform_oauth_client": []
        }
      }
    }
  ],
  "configuration_version": "1"
}